{
    "name": "root",
    "gauges": {
        "Manipulator.Policy.Entropy.mean": {
            "value": 1.416737675666809,
            "min": 1.4163601398468018,
            "max": 1.4189382791519165,
            "count": 8
        },
        "Manipulator.Policy.Entropy.sum": {
            "value": 14017.2021484375,
            "min": 14001.470703125,
            "max": 14639.1865234375,
            "count": 8
        },
        "Manipulator.Environment.EpisodeLength.mean": {
            "value": 167.77966101694915,
            "min": 162.44262295081967,
            "max": 189.26923076923077,
            "count": 8
        },
        "Manipulator.Environment.EpisodeLength.sum": {
            "value": 9899.0,
            "min": 9842.0,
            "max": 10046.0,
            "count": 8
        },
        "Manipulator.Step.mean": {
            "value": 79816.0,
            "min": 9856.0,
            "max": 79816.0,
            "count": 8
        },
        "Manipulator.Step.sum": {
            "value": 79816.0,
            "min": 9856.0,
            "max": 79816.0,
            "count": 8
        },
        "Manipulator.Policy.ExtrinsicValueEstimate.mean": {
            "value": 0.11874236911535263,
            "min": 0.11874236911535263,
            "max": 0.24909305572509766,
            "count": 8
        },
        "Manipulator.Policy.ExtrinsicValueEstimate.sum": {
            "value": 7.005799770355225,
            "min": 6.870043754577637,
            "max": 14.94558334350586,
            "count": 8
        },
        "Manipulator.Policy.CuriosityValueEstimate.mean": {
            "value": 0.08803781867027283,
            "min": -0.230573371052742,
            "max": 0.08803781867027283,
            "count": 8
        },
        "Manipulator.Policy.CuriosityValueEstimate.sum": {
            "value": 5.1942315101623535,
            "min": -13.834402084350586,
            "max": 5.1942315101623535,
            "count": 8
        },
        "Manipulator.Environment.CumulativeReward.mean": {
            "value": 0.22830509874275176,
            "min": 0.07454545416615226,
            "max": 0.3957376973550828,
            "count": 8
        },
        "Manipulator.Environment.CumulativeReward.sum": {
            "value": 13.470000825822353,
            "min": 4.099999979138374,
            "max": 24.13999953866005,
            "count": 8
        },
        "Manipulator.Policy.ExtrinsicReward.mean": {
            "value": 0.22830509874275176,
            "min": 0.07454545416615226,
            "max": 0.3957376973550828,
            "count": 8
        },
        "Manipulator.Policy.ExtrinsicReward.sum": {
            "value": 13.470000825822353,
            "min": 4.099999979138374,
            "max": 24.13999953866005,
            "count": 8
        },
        "Manipulator.Policy.CuriosityReward.mean": {
            "value": 0.31767750156932845,
            "min": 0.0,
            "max": 0.4483926271184765,
            "count": 8
        },
        "Manipulator.Policy.CuriosityReward.sum": {
            "value": 18.742972592590377,
            "min": 0.0,
            "max": 26.006772372871637,
            "count": 8
        },
        "Manipulator.IsTraining.mean": {
            "value": 1.0,
            "min": 1.0,
            "max": 1.0,
            "count": 8
        },
        "Manipulator.IsTraining.sum": {
            "value": 1.0,
            "min": 1.0,
            "max": 1.0,
            "count": 8
        },
        "Manipulator.Losses.PolicyLoss.mean": {
            "value": 0.02137577355772789,
            "min": 0.02109756922748472,
            "max": 0.029794959256625068,
            "count": 5
        },
        "Manipulator.Losses.PolicyLoss.sum": {
            "value": 0.02137577355772789,
            "min": 0.02109756922748472,
            "max": 0.029794959256625068,
            "count": 5
        },
        "Manipulator.Losses.ValueLoss.mean": {
            "value": 0.020910585804709367,
            "min": 0.020910585804709367,
            "max": 0.0352272738303457,
            "count": 5
        },
        "Manipulator.Losses.ValueLoss.sum": {
            "value": 0.020910585804709367,
            "min": 0.020910585804709367,
            "max": 0.0352272738303457,
            "count": 5
        },
        "Manipulator.Policy.LearningRate.mean": {
            "value": 9.622660377339999e-05,
            "min": 9.622660377339999e-05,
            "max": 9.924525075475002e-05,
            "count": 5
        },
        "Manipulator.Policy.LearningRate.sum": {
            "value": 9.622660377339999e-05,
            "min": 9.622660377339999e-05,
            "max": 9.924525075475002e-05,
            "count": 5
        },
        "Manipulator.Policy.Epsilon.mean": {
            "value": 0.09999999999999996,
            "min": 0.09999999999999996,
            "max": 0.09999999999999996,
            "count": 5
        },
        "Manipulator.Policy.Epsilon.sum": {
            "value": 0.09999999999999996,
            "min": 0.09999999999999996,
            "max": 0.09999999999999996,
            "count": 5
        },
        "Manipulator.Policy.Beta.mean": {
            "value": 0.0009626433399999997,
            "min": 0.0009626433399999997,
            "max": 0.0009925279750000004,
            "count": 5
        },
        "Manipulator.Policy.Beta.sum": {
            "value": 0.0009626433399999997,
            "min": 0.0009626433399999997,
            "max": 0.0009925279750000004,
            "count": 5
        },
        "Manipulator.Losses.CuriosityForwardLoss.mean": {
            "value": 0.20174180013792856,
            "min": 0.11891265830823354,
            "max": 1.6577456444501877,
            "count": 5
        },
        "Manipulator.Losses.CuriosityForwardLoss.sum": {
            "value": 0.20174180013792856,
            "min": 0.11891265830823354,
            "max": 1.6577456444501877,
            "count": 5
        },
        "Manipulator.Losses.CuriosityInverseLoss.mean": {
            "value": 2.8619769981929233,
            "min": 2.8619769981929233,
            "max": 3.989254089764186,
            "count": 5
        },
        "Manipulator.Losses.CuriosityInverseLoss.sum": {
            "value": 2.8619769981929233,
            "min": 2.8619769981929233,
            "max": 3.989254089764186,
            "count": 5
        }
    },
    "metadata": {
        "timer_format_version": "0.1.0",
        "start_time_seconds": "1732135930",
        "python_version": "3.10.11 (tags/v3.10.11:7d4cc5a, Apr  5 2023, 00:38:17) [MSC v.1929 64 bit (AMD64)]",
        "command_line_arguments": "C:\\Users\\Matthew\\AppData\\Local\\Programs\\Python\\Python310\\Scripts\\mlagents-learn manipulator/MLconfigs/manipulator.yaml --run-id=ManipulatorRun20",
        "mlagents_version": "1.1.0",
        "mlagents_envs_version": "1.1.0",
        "communication_protocol_version": "1.5.0",
        "pytorch_version": "2.5.1+cpu",
        "numpy_version": "1.23.5",
        "end_time_seconds": "1732136069"
    },
    "total": 139.43478599999798,
    "count": 1,
    "self": 0.004188999999314547,
    "children": {
        "run_training.setup": {
            "total": 0.05295889999251813,
            "count": 1,
            "self": 0.05295889999251813
        },
        "TrainerController.start_learning": {
            "total": 139.37763810000615,
            "count": 1,
            "self": 0.36336819891585037,
            "children": {
                "TrainerController._reset_env": {
                    "total": 8.607566000020597,
                    "count": 1,
                    "self": 8.607566000020597
                },
                "TrainerController.advance": {
                    "total": 130.33445860107895,
                    "count": 28783,
                    "self": 0.3376066053751856,
                    "children": {
                        "env_step": {
                            "total": 107.9872956002946,