{
    "name": "root",
    "gauges": {
        "Manipulator.Policy.Entropy.mean": {
            "value": 1.424859642982483,
            "min": 1.4161630868911743,
            "max": 1.4249382019042969,
            "count": 93
        },
        "Manipulator.Policy.Entropy.sum": {
            "value": 14191.6015625,
            "min": 12895.763671875,
            "max": 15324.73046875,
            "count": 93
        },
        "Manipulator.Environment.EpisodeLength.mean": {
            "value": 283.45714285714286,
            "min": 241.5,
            "max": 518.3684210526316,
            "count": 93
        },
        "Manipulator.Environment.EpisodeLength.sum": {
            "value": 9921.0,
            "min": 8836.0,
            "max": 11028.0,
            "count": 93
        },
        "Manipulator.Step.mean": {
            "value": 929903.0,
            "min": 9668.0,
            "max": 929903.0,
            "count": 93
        },
        "Manipulator.Step.sum": {
            "value": 929903.0,
            "min": 9668.0,
            "max": 929903.0,
            "count": 93
        },
        "Manipulator.Policy.ExtrinsicValueEstimate.mean": {
            "value": 0.1644136756658554,
            "min": -0.037488143891096115,
            "max": 0.21298430860042572,
            "count": 93
        },
        "Manipulator.Policy.ExtrinsicValueEstimate.sum": {
            "value": 7.234201908111572,
            "min": -1.3495731353759766,
            "max": 9.79727840423584,
            "count": 93
        },
        "Manipulator.Policy.CuriosityValueEstimate.mean": {
            "value": 0.09080808609724045,
            "min": -0.19840392470359802,
            "max": 0.30440935492515564,
            "count": 93
        },
        "Manipulator.Policy.CuriosityValueEstimate.sum": {
            "value": 3.995555877685547,
            "min": -7.142541408538818,
            "max": 12.480783462524414,
            "count": 93
        },
        "Manipulator.Environment.CumulativeReward.mean": {
            "value": 0.8425714429467916,
            "min": 0.17250001484838626,
            "max": 1.0822222260413346,
            "count": 93
        },
        "Manipulator.Environment.CumulativeReward.sum": {
            "value": 29.490000503137708,
            "min": 4.14000035636127,
            "max": 35.26999972760677,
            "count": 93
        },
        "Manipulator.Policy.ExtrinsicReward.mean": {
            "value": 0.8425714429467916,
            "min": 0.17250001484838626,
            "max": 1.0822222260413346,
            "count": 93
        },
        "Manipulator.Policy.ExtrinsicReward.sum": {
            "value": 29.490000503137708,
            "min": 4.14000035636127,
            "max": 35.26999972760677,
            "count": 93
        },
        "Manipulator.Policy.CuriosityReward.mean": {
            "value": 0.24417257445332194,
            "min": 0.0,
            "max": 1.6607293109767711,
            "count": 93
        },
        "Manipulator.Policy.CuriosityReward.sum": {
            "value": 8.546040105866268,
            "min": 0.0,
            "max": 43.17896208539605,
            "count": 93
        },
        "Manipulator.IsTraining.mean": {
            "value": 1.0,
            "min": 1.0,
            "max": 1.0,
            "count": 93
        },
        "Manipulator.IsTraining.sum": {
            "value": 1.0,
            "min": 1.0,
            "max": 1.0,
            "count": 93
        },
        "Manipulator.Losses.PolicyLoss.mean": {
            "value": 0.019870529816086804,
            "min": 0.01969958079612947,
            "max": 0.02982942767973457,
            "count": 61
        },
        "Manipulator.Losses.PolicyLoss.sum": {
            "value": 0.019870529816086804,
            "min": 0.01969958079612947,
            "max": 0.02982942767973457,
            "count": 61
        },
        "Manipulator.Losses.ValueLoss.mean": {
            "value": 0.0326833723379033,
            "min": 0.02029009581144367,
            "max": 0.037307131024343625,
            "count": 61
        },
        "Manipulator.Losses.ValueLoss.sum": {
            "value": 0.0326833723379033,
            "min": 0.02029009581144367,
            "max": 0.037307131024343625,
            "count": 61
        },
        "Manipulator.Policy.LearningRate.mean": {
            "value": 5.368639631365003e-05,
            "min": 5.368639631365003e-05,
            "max": 9.924910075090003e-05,
            "count": 61
        },
        "Manipulator.Policy.LearningRate.sum": {
            "value": 5.368639631365003e-05,
            "min": 5.368639631365003e-05,
            "max": 9.924910075090003e-05,
            "count": 61
        },
        "Manipulator.Policy.Epsilon.mean": {
            "value": 0.09999999999999996,
            "min": 0.09999999999999996,
            "max": 0.09999999999999998,
            "count": 61
        },
        "Manipulator.Policy.Epsilon.sum": {
            "value": 0.09999999999999996,
            "min": 0.09999999999999996,
            "max": 0.09999999999999998,
            "count": 61
        },
        "Manipulator.Policy.Beta.mean": {
            "value": 0.0005414948649999998,
            "min": 0.0005414948649999998,
            "max": 0.0009925660899999997,
            "count": 61
        },
        "Manipulator.Policy.Beta.sum": {
            "value": 0.0005414948649999998,
            "min": 0.0005414948649999998,
            "max": 0.0009925660899999997,
            "count": 61
        },
        "Manipulator.Losses.CuriosityForwardLoss.mean": {
            "value": 0.10085082501173019,
            "min": 0.0870941875236375,
            "max": 2.696331696850913,
            "count": 61
        },
        "Manipulator.Losses.CuriosityForwardLoss.sum": {
            "value": 0.10085082501173019,
            "min": 0.0870941875236375,
            "max": 2.696331696850913,
            "count": 61
        },
        "Manipulator.Losses.CuriosityInverseLoss.mean": {
            "value": 2.9210234880447388,
            "min": 2.5935318197522843,
            "max": 3.989587688446045,
            "count": 61
        },
        "Manipulator.Losses.CuriosityInverseLoss.sum": {
            "value": 2.9210234880447388,
            "min": 2.5935318197522843,
            "max": 3.989587688446045,
            "count": 61
        }
    },
    "metadata": {
        "timer_format_version": "0.1.0",
        "start_time_seconds": "1732136144",
        "python_version": "3.10.11 (tags/v3.10.11:7d4cc5a, Apr  5 2023, 00:38:17) [MSC v.1929 64 bit (AMD64)]",
        "command_line_arguments": "C:\\Users\\Matthew\\AppData\\Local\\Programs\\Python\\Python310\\Scripts\\mlagents-learn manipulator/MLconfigs/manipulator.yaml --run-id=ManipulatorRun1",
        "mlagents_version": "1.1.0",
        "mlagents_envs_version": "1.1.0",
        "communication_protocol_version": "1.5.0",
        "pytorch_version": "2.5.1+cpu",
        "numpy_version": "1.23.5",
        "end_time_seconds": "1732137686"
    },
    "total": 1541.677672299964,
    "count": 1,
    "self": 0.00390989996958524,
    "children": {
        "run_training.setup": {
            "total": 0.05423439998412505,
            "count": 1,
            "self": 0.05423439998412505
        },
        "TrainerController.start_learning": {
            "total": 1541.6195280000102,
            "count": 1,
            "self": 4.114095870114397,
            "children": {
                "TrainerController._reset_env": {
                    "total": 47.09780300001148,
                    "count": 1,
                    "self": 47.09780300001148
                },
                "TrainerController.advance": {
                    "total": 1490.3563859298592,
                    "count": 314290,
                    "self": 3.7102455508429557,
                    "children": {
                        "env_step": {
                            "total": 1212.3044008857687,